"species","pp","sub_tribe","endemism","status","hgt"
"Acrachne racemosa","C4","Chloridoideae","native","Neo",100
"Agrostis australiensis","C3","C3","endemic","C3",20
"Agrostis bettyae","C3","C3","endemic","C3",90
"Agrostis diemenica","C3","C3","endemic","C3",35
"Agrostis joyceae","C3","C3","endemic","C3",40
"Agrostis muelleriana","C3","C3","endemic","C3",30
"Agrostis parviflora","C3","C3","endemic","C3",35
"Agrostis propinqua","C3","C3","endemic","C3",80
"Agrostis thompsoniae","C3","C3","endemic","C3",40
"Agrostis venusta","C3","C3","endemic","C3",40
"Alexfloydia repens","C4","Paniceae","endemic","Neo",24
"Amphibromus archeri","C3","C3","endemic","C3",120
"Amphibromus fluitans","C3","C3","endemic","C3",75
"Amphibromus macrorhinus","C3","C3","endemic","C3",100
"Amphibromus neesii","C3","C3","endemic","C3",150
"Amphibromus nervosus","C3","C3","endemic","C3",125
"Amphibromus pithogastrus","C3","C3","endemic","C3",100
"Amphibromus recurvatus","C3","C3","endemic","C3",150
"Amphibromus sinuatus","C3","C3","endemic","C3",70
"Amphibromus whitei","C3","C3","endemic","C3",35
"Amphipogon amphipogonoides","C3","C3","endemic","C3",40
"Amphipogon avenaceus","C3","C3","endemic","C3",35
"Amphipogon caricinus","C3","C3","endemic","C3",50
"Amphipogon debilis","C3","C3","endemic","C3",20
"Amphipogon laguroides","C3","C3","endemic","C3",30
"Amphipogon sericeus","C3","C3","endemic","C3",60
"Amphipogon setaceus","C3","C3","endemic","C3",60
"Amphipogon strictus","C3","C3","endemic","C3",35
"Amphipogon turbinatus","C3","C3","endemic","C3",50
"Ancistrachne maidenii","C3","C3","endemic","C3",100
"Ancistrachne uncinulata","C3","C3","endemic","C3",200
"Anisopogon avenaceus","C3","C3","endemic","C3",100
"Anthosachne fertilis","C3","C3","endemic","C3",NA
"Anthosachne multiflora","C3","C3","endemic","C3",NA
"Anthosachne plurinervis","C3","C3","endemic","C3",NA
"Anthosachne rectiseta","C3","C3","endemic","C3",58
"Anthosachne scabra","C3","C3","endemic","C3",120
"Arthragrostis aristispicula","C4","Paniceae","endemic","Neo",60
"Arthragrostis clarksoniana","C4","Paniceae","endemic","Neo",80
"Arthragrostis deschampsioides","C4","Paniceae","endemic","Neo",60
"Arthraxon castratus","C4","Andropogoneae","native","Neo",200
"Arthraxon hispidus","C4","Andropogoneae","native","Neo",75
"Arundinella grevillensis","C4","Andropogoneae","endemic","Neo",25
"Arundinella montana","C4","Andropogoneae","endemic","Neo",90
"Arundinella nepalensis","C4","Andropogoneae","native","Neo",180
"Arundinella setosa","C4","Andropogoneae","native","Neo",120
"Astrebla elymoides","C4","Chloridoideae","endemic","Neo",120
"Astrebla lappacea","C4","Chloridoideae","endemic","Neo",90
"Astrebla pectinata","C4","Chloridoideae","endemic","Neo",120
"Astrebla squarrosa","C4","Chloridoideae","endemic","Neo",150
"Australopyrum pectinatum","C3","C3","endemic","C3",60
"Australopyrum retrofractum","C3","C3","endemic","C3",95
"Australopyrum velutinum","C3","C3","endemic","C3",68
"Austrochloris dichanthioides","C4","Chloridoideae","endemic","Neo",100
"Austrostipa acrociliata","C3","C3","endemic","C3",150
"Austrostipa aphylla","C3","C3","endemic","C3",90
"Austrostipa aquarii","C3","C3","endemic","C3",100
"Austrostipa aristiglumis","C3","C3","endemic","C3",200
"Austrostipa bigeniculata","C3","C3","endemic","C3",100
"Austrostipa blackii","C3","C3","endemic","C3",100
"Austrostipa blakei","C3","C3","endemic","C3",100
"Austrostipa breviglumis","C3","C3","endemic","C3",150
"Austrostipa campylachne","C3","C3","endemic","C3",80
"Austrostipa centralis","C3","C3","endemic","C3",80
"Austrostipa compressa","C3","C3","endemic","C3",70
"Austrostipa crinita","C3","C3","endemic","C3",100
"Austrostipa curticoma","C3","C3","endemic","C3",120
"Austrostipa densiflora","C3","C3","endemic","C3",150
"Austrostipa dongicola","C3","C3","endemic","C3",100
"Austrostipa drummondii","C3","C3","endemic","C3",100
"Austrostipa echinata","C3","C3","endemic","C3",50
"Austrostipa elegantissima","C3","C3","endemic","C3",300
"Austrostipa eremophila","C3","C3","endemic","C3",100
"Austrostipa exilis","C3","C3","endemic","C3",60
"Austrostipa feresetacea","C3","C3","endemic","C3",100
"Austrostipa flavescens","C3","C3","endemic","C3",120
"Austrostipa geoffreyi","C3","C3","endemic","C3",180
"Austrostipa gibbosa","C3","C3","endemic","C3",150
"Austrostipa hemipogon","C3","C3","endemic","C3",100
"Austrostipa jacobsiana","C3","C3","endemic","C3",120
"Austrostipa juncifolia","C3","C3","endemic","C3",100
"Austrostipa lanata","C3","C3","endemic","C3",45
"Austrostipa macalpinei","C3","C3","endemic","C3",90
"Austrostipa metatoris","C3","C3","endemic","C3",100
"Austrostipa mollis","C3","C3","endemic","C3",150
"Austrostipa muelleri","C3","C3","endemic","C3",100
"Austrostipa multispiculis","C3","C3","endemic","C3",100
"Austrostipa mundula","C3","C3","endemic","C3",60
"Austrostipa nitida","C3","C3","endemic","C3",75
"Austrostipa nivicola","C3","C3","endemic","C3",50
"Austrostipa nodosa","C3","C3","endemic","C3",100
"Austrostipa nullanulla","C3","C3","endemic","C3",50
"Austrostipa nullarborensis","C3","C3","endemic","C3",100
"Austrostipa oligostachya","C3","C3","endemic","C3",100
"Austrostipa petraea","C3","C3","endemic","C3",100
"Austrostipa pilata","C3","C3","endemic","C3",85
"Austrostipa platychaeta","C3","C3","endemic","C3",200
"Austrostipa plumigera","C3","C3","endemic","C3",60
"Austrostipa puberula","C3","C3","endemic","C3",50
"Austrostipa pubescens","C3","C3","endemic","C3",150
"Austrostipa pubinodis","C3","C3","endemic","C3",110
"Austrostipa pycnostachya","C3","C3","endemic","C3",30
"Austrostipa ramosissima","C3","C3","endemic","C3",250
"Austrostipa rudis","C3","C3","endemic","C3",120
"Austrostipa scabra","C3","C3","native","C3",60
"Austrostipa semibarbata","C3","C3","endemic","C3",100
"Austrostipa setacea","C3","C3","endemic","C3",80
"Austrostipa stipoides","C3","C3","endemic","C3",120
"Austrostipa stuposa","C3","C3","endemic","C3",140
"Austrostipa tenuifolia","C3","C3","endemic","C3",100
"Austrostipa trichophylla","C3","C3","endemic","C3",60
"Austrostipa tuckeri","C3","C3","endemic","C3",50
"Austrostipa variabilis","C3","C3","native","C3",80
"Austrostipa velutina","C3","C3","endemic","C3",80
"Austrostipa verticillata","C3","C3","endemic","C3",100
"Austrostipa vickeryana","C3","C3","endemic","C3",45
"Austrostipa wakoolica","C3","C3","endemic","C3",100
"Bambusa arnhemica","C3","C3","endemic","C3",1000
"Bothriochloa biloba","C4","Andropogoneae","endemic","Neo",100
"Bothriochloa bunyensis","C4","Andropogoneae","endemic","Neo",60
"Bothriochloa decipiens","C4","Andropogoneae","endemic","Neo",200
"Bothriochloa erianthoides","C4","Andropogoneae","endemic","Neo",150
"Bothriochloa ewartiana","C4","Andropogoneae","endemic","Neo",60
"Bothriochloa macra","C4","Andropogoneae","endemic","Neo",100
"Brachyachne ciliaris","C4","Chloridoideae","endemic","Neo",25
"Brachyachne convergens","C4","Chloridoideae","endemic","Neo",60
"Brachyachne prostrata","C4","Chloridoideae","endemic","Neo",10
"Brachyachne tenella","C4","Chloridoideae","endemic","Neo",60
"Calyptochloa gracillima","C3","C3","endemic","C3",30
"Capillipedium parviflorum","C4","Andropogoneae","native","Neo",150
"Capillipedium spicigerum","C4","Andropogoneae","native","Neo",150
"Cenchrus basedowii","C4","Paniceae","endemic","Neo",70
"Cenchrus brevisetosus","C4","Paniceae","endemic","Neo",150
"Cenchrus caliculatus","C4","Paniceae","native","Neo",300
"Cenchrus elymoides","C4","Paniceae","endemic","Neo",150
"Cenchrus robustus","C4","Paniceae","endemic","Neo",100
"Centotheca lappacea","C3","C3","native","C3",100
"Chamaeraphis hordeacea","C4","Paniceae","endemic","Neo",60
"Chionachne cyathopoda","C4","Andropogoneae","endemic","Neo",400
"Chionachne hubbardiana","C4","Andropogoneae","endemic","Neo",100
"Chionochloa frigida","C3","C3","endemic","C3",120
"Chloris divaricata","C4","Chloridoideae","native","Neo",60
"Chloris lobata","C4","Chloridoideae","endemic","Neo",45
"Chloris pectinata","C4","Chloridoideae","endemic","Neo",75
"Chloris pumilio","C4","Chloridoideae","endemic","Neo",90
"Chloris truncata","C4","Chloridoideae","native","Neo",45
"Chloris ventricosa","C4","Chloridoideae","endemic","Neo",100
"Chrysopogon elongatus","C4","Andropogoneae","endemic","Neo",250
"Chrysopogon fallax","C4","Andropogoneae","endemic","Neo",120
"Chrysopogon filipes","C4","Andropogoneae","endemic","Neo",100
"Chrysopogon latifolius","C4","Andropogoneae","endemic","Neo",150
"Chrysopogon oliganthus","C4","Andropogoneae","endemic","Neo",120
"Chrysopogon pallidus","C4","Andropogoneae","endemic","Neo",150
"Chrysopogon rigidus","C4","Andropogoneae","endemic","Neo",150
"Chrysopogon setifolius","C4","Andropogoneae","endemic","Neo",50
"Chrysopogon sylvaticus","C4","Andropogoneae","endemic","Neo",120
"Clausospicula extensa","C4","Andropogoneae","endemic","Neo",45
"Cleistochloa rigida","C3","C3","endemic","C3",80
"Cleistochloa sclerachne","C3","C3","endemic","C3",90
"Cleistochloa subjuncea","C3","C3","endemic","C3",60
"Coelachne pulchella","C3","C3","native","C3",20
"Coix gasteenii","C4","Andropogoneae","endemic","Neo",180
"Cymbopogon ambiguus","C4","Andropogoneae","endemic","Neo",100
"Cymbopogon bombycinus","C4","Andropogoneae","endemic","Neo",100
"Cymbopogon dependens","C4","Andropogoneae","endemic","Neo",120
"Cymbopogon globosus","C4","Andropogoneae","endemic","Neo",200
"Cymbopogon gratus","C4","Andropogoneae","endemic","Neo",35
"Cymbopogon obtectus","C4","Andropogoneae","endemic","Neo",100
"Cymbopogon procerus","C4","Andropogoneae","native","Neo",200
"Cymbopogon queenslandicus","C4","Andropogoneae","endemic","Neo",150
"Cymbopogon refractus","C4","Andropogoneae","native","Neo",150
"Cyperochloa hirsuta","C3","C3","endemic","C3",50
"Cyrtococcum accrescens","C3","C3","native","C3",NA
"Cyrtococcum capitis-york","C3","C3","endemic","C3",NA
"Cyrtococcum oxyphyllum","C3","C3","native","C3",60
"Cyrtococcum patens","C3","C3","native","C3",100
"Dactyloctenium buchananensis","C4","Chloridoideae","endemic","Neo",40
"Dactyloctenium radulans","C4","Chloridoideae","native","Neo",40
"Dallwatsonia felliana","C3","C3","native","C3",130
"Deschampsia cespitosa","C3","C3","native","C3",200
"Deschampsia gracillima","C3","C3","endemic","C3",20
"Deyeuxia acuminata","C3","C3","endemic","C3",100
"Deyeuxia affinis","C3","C3","endemic","C3",30
"Deyeuxia angustifolia","C3","C3","endemic","C3",70
"Deyeuxia appressa","C3","C3","endemic","C3",90
"Deyeuxia apsleyensis","C3","C3","endemic","C3",90
"Deyeuxia boormanii","C3","C3","endemic","C3",150
"Deyeuxia brachyathera","C3","C3","endemic","C3",120
"Deyeuxia breviglumis","C3","C3","endemic","C3",54
"Deyeuxia carinata","C3","C3","endemic","C3",55
"Deyeuxia contracta","C3","C3","endemic","C3",110
"Deyeuxia crassiuscula","C3","C3","endemic","C3",30
"Deyeuxia decipiens","C3","C3","endemic","C3",100
"Deyeuxia densa","C3","C3","endemic","C3",90
"Deyeuxia drummondii","C3","C3","endemic","C3",25
"Deyeuxia frigida","C3","C3","endemic","C3",150
"Deyeuxia gunniana","C3","C3","endemic","C3",40
"Deyeuxia imbricata","C3","C3","endemic","C3",100
"Deyeuxia inaequalis","C3","C3","endemic","C3",75
"Deyeuxia innominata","C3","C3","endemic","C3",60
"Deyeuxia mesathera","C3","C3","endemic","C3",120
"Deyeuxia microseta","C3","C3","endemic","C3",120
"Deyeuxia minor","C3","C3","endemic","C3",60
"Deyeuxia monticola","C3","C3","endemic","C3",135
"Deyeuxia nudiflora","C3","C3","endemic","C3",70
"Deyeuxia parviseta","C3","C3","endemic","C3",120
"Deyeuxia pungens","C3","C3","endemic","C3",100
"Deyeuxia quadriseta","C3","C3","endemic","C3",120
"Deyeuxia ramosa","C3","C3","endemic","C3",130
"Deyeuxia reflexa","C3","C3","endemic","C3",120
"Deyeuxia rodwayi","C3","C3","endemic","C3",70
"Deyeuxia scaberula","C3","C3","native","C3",90
"Deyeuxia talariata","C3","C3","endemic","C3",110
"Deyeuxia valida","C3","C3","endemic","C3",140
"Dichanthium fecundum","C4","Andropogoneae","endemic","Neo",150
"Dichanthium queenslandicum","C4","Andropogoneae","endemic","Neo",80
"Dichanthium sericeum","C4","Andropogoneae","native","Neo",120
"Dichanthium setosum","C4","Andropogoneae","endemic","Neo",70
"Dichanthium tenue","C4","Andropogoneae","endemic","Neo",70
"Dichelachne crinita","C3","C3","endemic","C3",125
"Dichelachne hirtella","C3","C3","endemic","C3",80
"Dichelachne inaequiglumis","C3","C3","endemic","C3",135
"Dichelachne micrantha","C3","C3","endemic","C3",120
"Dichelachne parva","C3","C3","endemic","C3",80
"Dichelachne rara","C3","C3","endemic","C3",130
"Dichelachne robusta","C3","C3","endemic","C3",170
"Dichelachne sieberiana","C3","C3","endemic","C3",90
"Digitaria ammophila","C4","Paniceae","endemic","Neo",60
"Digitaria baileyi","C4","Paniceae","endemic","Neo",90
"Digitaria basaltica","C4","Paniceae","endemic","Neo",90
"Digitaria benthamiana","C4","Paniceae","endemic","Neo",NA
"Digitaria blakei","C4","Paniceae","endemic","Neo",65
"Digitaria breviglumis","C4","Paniceae","endemic","Neo",60
"Digitaria brownii","C4","Paniceae","endemic","Neo",100
"Digitaria cowiei","C4","Paniceae","endemic","Neo",45
"Digitaria ctenantha","C4","Paniceae","endemic","Neo",60
"Digitaria diffusa","C4","Paniceae","endemic","Neo",40
"Digitaria diminuta","C4","Paniceae","endemic","Neo",65
"Digitaria fumida","C4","Paniceae","endemic","Neo",80
"Digitaria gibbosa","C4","Paniceae","endemic","Neo",40
"Digitaria hubbardii","C4","Paniceae","endemic","Neo",60
"Digitaria hystrichoides","C4","Paniceae","endemic","Neo",60
"Digitaria imbricata","C4","Paniceae","endemic","Neo",60
"Digitaria lanceolata","C4","Paniceae","endemic","Neo",40
"Digitaria leucostachya","C4","Paniceae","endemic","Neo",100
"Digitaria longiflora","C4","Paniceae","native","Neo",60
"Digitaria minima","C4","Paniceae","endemic","Neo",60
"Digitaria nematostachya","C4","Paniceae","endemic","Neo",55
"Digitaria oraria","C4","Paniceae","endemic","Neo",70
"Digitaria orbata","C4","Paniceae","endemic","Neo",85
"Digitaria papposa","C4","Paniceae","endemic","Neo",70
"Digitaria parviflora","C4","Paniceae","endemic","Neo",90
"Digitaria porrecta","C4","Paniceae","endemic","Neo",70
"Digitaria radicosa","C4","Paniceae","native","Neo",60
"Digitaria ramularis","C4","Paniceae","endemic","Neo",90
"Digitaria setigera","C4","Paniceae","native","Neo",80
"Digitaria sharpeana","C4","Paniceae","endemic","Neo",90
"Digitaria stenostachya","C4","Paniceae","endemic","Neo",50
"Dimeria acinaciformis","C4","Andropogoneae","endemic","Neo",40
"Dimeria chloridiformis","C4","Andropogoneae","native","Neo",100
"Dimeria ornithopoda","C4","Andropogoneae","native","Neo",50
"Distichlis distichophylla","C4","Chloridoideae","endemic","Neo",60
"Dryopoa dives","C3","C3","endemic","C3",500
"Echinochloa dietrichiana","C4","Paniceae","endemic","Neo",300
"Echinochloa elliptica","C4","Paniceae","endemic","Neo",150
"Echinochloa inundata","C4","Paniceae","endemic","Neo",150
"Echinochloa kimberleyensis","C4","Paniceae","endemic","Neo",200
"Echinochloa lacunaria","C4","Paniceae","endemic","Neo",90
"Echinochloa macrandra","C4","Paniceae","endemic","Neo",200
"Echinochloa picta","C4","Paniceae","native","Neo",15090
"Echinochloa turneriana","C4","Paniceae","endemic","Neo",130
"Echinopogon caespitosus","C3","C3","endemic","C3",100
"Echinopogon cheelii","C3","C3","endemic","C3",170
"Echinopogon intermedius","C3","C3","endemic","C3",95
"Echinopogon mckiei","C3","C3","endemic","C3",50
"Echinopogon nutans","C3","C3","endemic","C3",70
"Echinopogon ovatus","C3","C3","native","C3",120
"Echinopogon phleoides","C3","C3","endemic","C3",70
"Ectrosia agrostoides","C4","Chloridoideae","endemic","Neo",40
"Ectrosia anomala","C4","Chloridoideae","endemic","Neo",60
"Ectrosia appressa","C4","Chloridoideae","endemic","Neo",50
"Ectrosia blakei","C4","Chloridoideae","endemic","Neo",45
"Ectrosia confusa","C4","Chloridoideae","endemic","Neo",30
"Ectrosia danesii","C4","Chloridoideae","endemic","Neo",40
"Ectrosia gulliveri","C4","Chloridoideae","endemic","Neo",55
"Ectrosia lasioclada","C4","Chloridoideae","native","Neo",90
"Ectrosia laxa","C4","Chloridoideae","endemic","Neo",60
"Ectrosia leporina","C4","Chloridoideae","endemic","Neo",90
"Ectrosia nervilemma","C4","Chloridoideae","endemic","Neo",40
"Ectrosia ovata","C4","Chloridoideae","endemic","Neo",60
"Ectrosia scabrida","C4","Chloridoideae","endemic","Neo",40
"Ectrosia schultzii","C4","Chloridoideae","endemic","Neo",60
"Elionurus citreus","C4","Andropogoneae","endemic","Neo",100
"Elytrophorus spicatus","C3","C3","native","C3",60
"Enneapogon asperatus","C4","Chloridoideae","endemic","Neo",70
"Enneapogon avenaceus","C4","Chloridoideae","endemic","Neo",45
"Enneapogon caerulescens","C4","Chloridoideae","endemic","Neo",40
"Enneapogon cylindricus","C4","Chloridoideae","endemic","Neo",50
"Enneapogon decipiens","C4","Chloridoideae","endemic","Neo",60
"Enneapogon eremophilus","C4","Chloridoideae","endemic","Neo",36
"Enneapogon gracilis","C4","Chloridoideae","endemic","Neo",30
"Enneapogon intermedius","C4","Chloridoideae","endemic","Neo",70
"Enneapogon lindleyanus","C4","Chloridoideae","endemic","Neo",45
"Enneapogon nigricans","C4","Chloridoideae","endemic","Neo",40
"Enneapogon pallidus","C4","Chloridoideae","native","Neo",90
"Enneapogon polyphyllus","C4","Chloridoideae","endemic","Neo",50
"Enneapogon purpurascens","C4","Chloridoideae","endemic","Neo",75
"Enneapogon robustissimus","C4","Chloridoideae","endemic","Neo",110
"Enneapogon truncatus","C4","Chloridoideae","endemic","Neo",50
"Enneapogon virens","C4","Chloridoideae","endemic","Neo",60
"Enteropogon acicularis","C4","Chloridoideae","native","Neo",100
"Enteropogon dolichostachyus","C4","Chloridoideae","native","Neo",100
"Enteropogon minutus","C4","Chloridoideae","endemic","Neo",90
"Enteropogon paucispiceus","C4","Chloridoideae","endemic","Neo",60
"Enteropogon ramosus","C4","Chloridoideae","endemic","Neo",100
"Enteropogon unispiceus","C4","Chloridoideae","native","Neo",50
"Entolasia marginata","C3","C3","native","C3",200
"Entolasia minutifolia","C3","C3","endemic","C3",35
"Entolasia stricta","C3","C3","endemic","C3",120
"Entolasia whiteana","C3","C3","endemic","C3",80
"Eragrostiella bifaria","C4","Chloridoideae","native","Neo",60
"Eragrostis alveiformis","C4","Chloridoideae","endemic","Neo",115
"Eragrostis australasica","C4","Chloridoideae","endemic","Neo",300
"Eragrostis basedowii","C4","Chloridoideae","endemic","Neo",30
"Eragrostis brownii","C4","Chloridoideae","native","Neo",60
"Eragrostis capitula","C4","Chloridoideae","endemic","Neo",5030
"Eragrostis cassa","C4","Chloridoideae","endemic","Neo",80
"Eragrostis concinna","C4","Chloridoideae","endemic","Neo",120
"Eragrostis confertiflora","C4","Chloridoideae","endemic","Neo",40
"Eragrostis crateriformis","C4","Chloridoideae","endemic","Neo",42
"Eragrostis cumingii","C4","Chloridoideae","native","Neo",100
"Eragrostis desertorum","C4","Chloridoideae","endemic","Neo",60
"Eragrostis dielsii","C4","Chloridoideae","native","Neo",55
"Eragrostis ecarinata","C4","Chloridoideae","endemic","Neo",90
"Eragrostis elongata","C4","Chloridoideae","native","Neo",90
"Eragrostis eriopoda","C4","Chloridoideae","endemic","Neo",60
"Eragrostis exigua","C4","Chloridoideae","endemic","Neo",70
"Eragrostis falcata","C4","Chloridoideae","endemic","Neo",60
"Eragrostis fallax","C4","Chloridoideae","endemic","Neo",90
"Eragrostis fenshamii","C4","Chloridoideae","endemic","Neo",50
"Eragrostis filicaulis","C4","Chloridoideae","endemic","Neo",60
"Eragrostis hirticaulis","C4","Chloridoideae","endemic","Neo",50
"Eragrostis infecunda","C4","Chloridoideae","endemic","Neo",70
"Eragrostis interrupta","C4","Chloridoideae","native","Neo",60
"Eragrostis jacobsiana","C4","Chloridoideae","endemic","Neo",60
"Eragrostis jerichoensis","C4","Chloridoideae","endemic","Neo",36
"Eragrostis kennedyae","C4","Chloridoideae","endemic","Neo",76
"Eragrostis lacunaria","C4","Chloridoideae","endemic","Neo",60
"Eragrostis lanicaulis","C4","Chloridoideae","endemic","Neo",50
"Eragrostis laniflora","C4","Chloridoideae","endemic","Neo",75
"Eragrostis lanipes","C4","Chloridoideae","endemic","Neo",90
"Eragrostis leptocarpa","C4","Chloridoideae","endemic","Neo",85
"Eragrostis longipedicellata","C4","Chloridoideae","endemic","Neo",80
"Eragrostis megalosperma","C4","Chloridoideae","endemic","Neo",120
"Eragrostis microcarpa","C4","Chloridoideae","endemic","Neo",60
"Eragrostis olida","C4","Chloridoideae","endemic","Neo",50
"Eragrostis parviflora","C4","Chloridoideae","native","Neo",135
"Eragrostis pergracilis","C4","Chloridoideae","endemic","Neo",45
"Eragrostis petraea","C4","Chloridoideae","endemic","Neo",150
"Eragrostis potamophila","C4","Chloridoideae","endemic","Neo",125
"Eragrostis pubescens","C4","Chloridoideae","endemic","Neo",80
"Eragrostis rigidiuscula","C4","Chloridoideae","endemic","Neo",100
"Eragrostis schultzii","C4","Chloridoideae","endemic","Neo",150
"Eragrostis setifolia","C4","Chloridoideae","endemic","Neo",60
"Eragrostis sororia","C4","Chloridoideae","endemic","Neo",70
"Eragrostis spartinoides","C4","Chloridoideae","native","Neo",85
"Eragrostis speciosa","C4","Chloridoideae","endemic","Neo",140
"Eragrostis stagnalis","C4","Chloridoideae","endemic","Neo",95
"Eragrostis stenostachya","C4","Chloridoideae","endemic","Neo",60
"Eragrostis sterilis","C4","Chloridoideae","endemic","Neo",90
"Eragrostis subtilis","C4","Chloridoideae","endemic","Neo",60
"Eragrostis surreyana","C4","Chloridoideae","endemic","Neo",13
"Eragrostis tenellula","C4","Chloridoideae","endemic","Neo",50
"Eragrostis trachycarpa","C4","Chloridoideae","endemic","Neo",80
"Eragrostis triquetra","C4","Chloridoideae","endemic","Neo",30
"Eragrostis unioloides","C4","Chloridoideae","native","Neo",72
"Eragrostis uvida","C4","Chloridoideae","endemic","Neo",120
"Eragrostis xerophila","C4","Chloridoideae","native","Neo",50
"Eremochloa bimaculata","C4","Andropogoneae","native","Neo",80
"Eremochloa ciliaris","C4","Andropogoneae","native","Neo",95
"Eremochloa muricata","C4","Andropogoneae","native","Neo",60
"Eriachne agrostidea","C4","Micrairoideae","endemic","Paleo",44
"Eriachne aristidea","C4","Micrairoideae","endemic","Paleo",40
"Eriachne armittii","C4","Micrairoideae","native","Paleo",50
"Eriachne avenacea","C4","Micrairoideae","endemic","Paleo",70
"Eriachne axillaris","C4","Micrairoideae","endemic","Paleo",60
"Eriachne basalis","C4","Micrairoideae","endemic","Paleo",60
"Eriachne basedowii","C4","Micrairoideae","endemic","Paleo",80
"Eriachne benthamii","C4","Micrairoideae","endemic","Paleo",90
"Eriachne bleeseri","C4","Micrairoideae","endemic","Paleo",42
"Eriachne burkittii","C4","Micrairoideae","endemic","Paleo",125
"Eriachne capillaris","C4","Micrairoideae","endemic","Paleo",50
"Eriachne ciliata","C4","Micrairoideae","endemic","Paleo",35
"Eriachne compacta","C4","Micrairoideae","endemic","Paleo",40
"Eriachne fastigiata","C4","Micrairoideae","endemic","Paleo",50
"Eriachne festucacea","C4","Micrairoideae","endemic","Paleo",105
"Eriachne filiformis","C4","Micrairoideae","endemic","Paleo",60
"Eriachne flaccida","C4","Micrairoideae","endemic","Paleo",50
"Eriachne gardneri","C4","Micrairoideae","endemic","Paleo",70
"Eriachne glabrata","C4","Micrairoideae","endemic","Paleo",40
"Eriachne glandulosa","C4","Micrairoideae","endemic","Paleo",30
"Eriachne glauca","C4","Micrairoideae","endemic","Paleo",120
"Eriachne helmsii","C4","Micrairoideae","endemic","Paleo",90
"Eriachne humilis","C4","Micrairoideae","endemic","Paleo",46
"Eriachne imbricata","C4","Micrairoideae","endemic","Paleo",50
"Eriachne insularis","C4","Micrairoideae","endemic","Paleo",80
"Eriachne lanata","C4","Micrairoideae","endemic","Paleo",60
"Eriachne major","C4","Micrairoideae","endemic","Paleo",105
"Eriachne melicacea","C4","Micrairoideae","endemic","Paleo",45
"Eriachne minuta","C4","Micrairoideae","endemic","Paleo",15
"Eriachne mucronata","C4","Micrairoideae","endemic","Paleo",80
"Eriachne nervosa","C4","Micrairoideae","endemic","Paleo",105
"Eriachne nodosa","C4","Micrairoideae","endemic","Paleo",60
"Eriachne obtusa","C4","Micrairoideae","endemic","Paleo",90
"Eriachne ovata","C4","Micrairoideae","endemic","Paleo",42
"Eriachne pallescens","C4","Micrairoideae","native","Paleo",105
"Eriachne pauciflora","C4","Micrairoideae","endemic","Paleo",85
"Eriachne pulchella","C4","Micrairoideae","endemic","Paleo",30
"Eriachne rara","C4","Micrairoideae","endemic","Paleo",75
"Eriachne schultziana","C4","Micrairoideae","endemic","Paleo",150
"Eriachne scleranthoides","C4","Micrairoideae","endemic","Paleo",105
"Eriachne semiciliata","C4","Micrairoideae","endemic","Paleo",54
"Eriachne squarrosa","C4","Micrairoideae","native","Paleo",90
"Eriachne stipacea","C4","Micrairoideae","endemic","Paleo",100
"Eriachne sulcata","C4","Micrairoideae","endemic","Paleo",80
"Eriachne tenuiculmis","C4","Micrairoideae","endemic","Paleo",65
"Eriachne triodioides","C4","Micrairoideae","endemic","Paleo",120
"Eriachne triseta","C4","Micrairoideae","native","Paleo",120
"Eriachne vesiculosa","C4","Micrairoideae","endemic","Paleo",90
"Eriochloa australiensis","C4","Paniceae","endemic","Neo",70
"Eriochloa crebra","C4","Paniceae","endemic","Neo",100
"Eriochloa fatmensis","C4","Paniceae","native","Neo",120
"Eriochloa procera","C4","Paniceae","native","Neo",120
"Eriochloa pseudoacrotricha","C4","Paniceae","native","Neo",100
"Eulalia annua","C4","Andropogoneae","endemic","Neo",45
"Eulalia aurea","C4","Andropogoneae","native","Neo",150
"Eulalia mackinlayi","C4","Andropogoneae","endemic","Neo",250
"Eulalia trispicata","C4","Andropogoneae","native","Neo",130
"Festuca asperula","C3","C3","endemic","C3",105
"Festuca benthamiana","C3","C3","endemic","C3",90
"Festuca muelleri","C3","C3","endemic","C3",170
"Festuca plebeia","C3","C3","endemic","C3",90
"Garnotia stricta","C4","Andropogoneae","native","Neo",80
"Germainia capitata","C4","Andropogoneae","native","Neo",90
"Germainia grandiflora","C4","Andropogoneae","endemic","Neo",100
"Germainia truncatiglumis","C4","Andropogoneae","endemic","Neo",150
"Glyceria australis","C3","C3","endemic","C3",60
"Glyceria latispicea","C3","C3","endemic","C3",110
"Hemarthria uncinata","C4","Andropogoneae","endemic","Neo",100
"Heterachne abortiva","C4","Chloridoideae","endemic","Neo",35
"Heterachne baileyi","C4","Chloridoideae","endemic","Neo",45
"Heterachne gulliveri","C4","Chloridoideae","endemic","Neo",66
"Heteropogon contortus","C4","Andropogoneae","native","Neo",100
"Heteropogon triticeus","C4","Andropogoneae","native","Neo",160
"Hierochloe fraseri","C3","C3","endemic","C3",50
"Hierochloe rariflora","C3","C3","endemic","C3",100
"Hierochloe redolens","C3","C3","native","C3",100
"Hierochloe submutica","C3","C3","endemic","C3",70
"Holcolemma dispar","C3","C3","endemic","C3",45
"Homopholis belsonii","C3","C3","endemic","C3",40
"Hookerochloa eriopoda","C3","C3","endemic","C3",160
"Hookerochloa hookeriana","C3","C3","endemic","C3",185
"Hygrochloa aquatica","C4","Paniceae","endemic","Neo",200
"Hygrochloa cravenii","C4","Paniceae","endemic","Neo",100
"Hymenachne acutigluma","C3","C3","native","C3",200
"Hyparrhenia filipendula","C4","Andropogoneae","native","Neo",200
"Ichnanthus pallens","C3","C3","native","C3",60
"Imperata cylindrica","C4","Andropogoneae","native","Neo",150
"Isachne confusa","C3","C3","native","C3",45
"Isachne globosa","C3","C3","native","C3",90
"Isachne minutula","C3","C3","native","C3",35
"Isachne myosotis","C3","C3","native","C3",6
"Isachne sharpii","C3","C3","endemic","C3",44
"Ischaemum albovillosum","C4","Andropogoneae","endemic","Neo",40
"Ischaemum australe","C4","Andropogoneae","native","Neo",150
"Ischaemum barbatum","C4","Andropogoneae","native","Neo",160
"Ischaemum decumbens","C4","Andropogoneae","endemic","Neo",40
"Ischaemum fragile","C4","Andropogoneae","endemic","Neo",110
"Ischaemum muticum","C4","Andropogoneae","native","Neo",40
"Ischaemum rugosum","C4","Andropogoneae","native","Neo",100
"Ischaemum triticeum","C4","Andropogoneae","endemic","Neo",200
"Ischaemum tropicum","C4","Andropogoneae","endemic","Neo",120
"Iseilema calvum","C4","Andropogoneae","endemic","Neo",40
"Iseilema ciliatum","C4","Andropogoneae","endemic","Neo",35
"Iseilema convexum","C4","Andropogoneae","endemic","Neo",70
"Iseilema dolichotrichum","C4","Andropogoneae","endemic","Neo",8
"Iseilema eremaeum","C4","Andropogoneae","endemic","Neo",20
"Iseilema fragile","C4","Andropogoneae","endemic","Neo",20
"Iseilema holmesii","C4","Andropogoneae","endemic","Neo",40
"Iseilema macratherum","C4","Andropogoneae","endemic","Neo",70
"Iseilema membranaceum","C4","Andropogoneae","endemic","Neo",90
"Iseilema trichopus","C4","Andropogoneae","endemic","Neo",25
"Iseilema vaginiflorum","C4","Andropogoneae","endemic","Neo",75
"Iseilema windersii","C4","Andropogoneae","endemic","Neo",40
"Lachnagrostis adamsonii","C3","C3","endemic","C3",70
"Lachnagrostis aemula","C3","C3","endemic","C3",60
"Lachnagrostis batesii","C3","C3","endemic","C3",40
"Lachnagrostis billardierei","C3","C3","endemic","C3",75
"Lachnagrostis collicola","C3","C3","endemic","C3",20
"Lachnagrostis deflexa","C3","C3","endemic","C3",70
"Lachnagrostis drummondiana","C3","C3","endemic","C3",60
"Lachnagrostis filiformis","C3","C3","endemic","C3",80
"Lachnagrostis lacunarum","C3","C3","endemic","C3",40
"Lachnagrostis leviseta","C3","C3","endemic","C3",65
"Lachnagrostis limitanea","C3","C3","endemic","C3",45
"Lachnagrostis meionectes","C3","C3","endemic","C3",20
"Lachnagrostis morrisii","C3","C3","endemic","C3",50
"Lachnagrostis nesomytica","C3","C3","endemic","C3",45
"Lachnagrostis palustris","C3","C3","endemic","C3",80
"Lachnagrostis plebeia","C3","C3","endemic","C3",30
"Lachnagrostis preissii","C3","C3","endemic","C3",45
"Lachnagrostis robusta","C3","C3","endemic","C3",75
"Lachnagrostis rudis","C3","C3","endemic","C3",80
"Leersia hexandra","C3","C3","native","C3",150
"Leptaspis banksii","C3","C3","native","C3",100
"Leptochloa digitata","C4","Chloridoideae","endemic","Neo",300
"Lepturus copeanus","C4","Chloridoideae","endemic","Neo",40
"Lepturus geminatus","C4","Chloridoideae","endemic","Neo",120
"Lepturus minutus","C4","Chloridoideae","endemic","Neo",2150
"Lepturus repens","C4","Chloridoideae","native","Neo",60
"Lepturus xerophilus","C4","Chloridoideae","endemic","Neo",90
"Lophatherum gracile","C3","C3","native","C3",100
"Micraira adamsii","C3","C3","endemic","C3",5
"Micraira compacta","C3","C3","endemic","C3",3
"Micraira dentata","C3","C3","endemic","C3",3
"Micraira dunlopii","C3","C3","endemic","C3",5
"Micraira inserta","C3","C3","endemic","C3",1
"Micraira lazaridis","C3","C3","endemic","C3",11
"Micraira multinervia","C3","C3","endemic","C3",15
"Micraira pungens","C3","C3","endemic","C3",12
"Micraira spiciforma","C3","C3","endemic","C3",5
"Micraira spinifera","C3","C3","endemic","C3",5
"Micraira subspicata","C3","C3","endemic","C3",3
"Micraira subulifolia","C3","C3","endemic","C3",8
"Micraira tenuis","C3","C3","endemic","C3",10
"Micraira viscidula","C3","C3","endemic","C3",5
"Microchloa indica","C4","Chloridoideae","native","Neo",10
"Microlaena stipoides","C3","C3","native","C3",75
"Microlaena tasmanica","C3","C3","endemic","C3",100
"Mnesithea annua","C4","Andropogoneae","endemic","Neo",200
"Mnesithea formosa","C4","Andropogoneae","endemic","Neo",60
"Mnesithea rottboellioides","C4","Andropogoneae","native","Neo",300
"Monachather paradoxus","C3","C3","endemic","C3",70
"Monodia stipoides","C4","Chloridoideae","endemic","Neo",150
"Mullerochloa moreheadiana","C3","C3","endemic","C3",30
"Neololeba atra","C3","C3","native","C3",800
"Neurachne annularis","C3","C3","endemic","C3",75
"Neurachne lanigera","C3","C3","endemic","C3",25
"Neurachne minor","C3","C3","endemic","C3",25
"Neurachne munroi","C4","Paniceae","endemic","Neo",50
"Neurachne queenslandica","C3","C3","endemic","C3",40
"Neurachne tenuifolia","C3","C3","endemic","C3",50
"Notochloe microdon","C3","C3","endemic","C3",100
"Ophiuros exaltatus","C4","Andropogoneae","native","Neo",400
"Oplismenus compositus","C3","C3","native","C3",150
"Oplismenus hirtellus","C3","C3","native","C3",100
"Oplismenus mollis","C3","C3","endemic","C3",50
"Oplismenus undulatifolius","C3","C3","native","C3",50
"Oryza australiensis","C3","C3","endemic","C3",300
"Oryza meridionalis","C3","C3","endemic","C3",200
"Oryza rufipogon","C3","C3","native","C3",300
"Ottochloa gracillima","C3","C3","endemic","C3",60
"Ottochloa nodosa","C3","C3","native","C3",200
"Oxychloris scariosa","C4","Chloridoideae","endemic","Neo",50
"Panicum bisulcatum","C3","C3","native","C3",80
"Panicum bombycinum","C4","Paniceae","endemic","Neo",35
"Panicum buncei","C4","Paniceae","endemic","Neo",80
"Panicum chillagoanum","C4","Paniceae","endemic","Neo",60
"Panicum decompositum","C4","Paniceae","native","Neo",80
"Panicum effusum","C4","Paniceae","endemic","Neo",100
"Panicum lachnophyllum","C3","C3","endemic","C3",30
"Panicum laevinode","C4","Paniceae","endemic","Neo",120
"Panicum larcomianum","C4","Paniceae","endemic","Neo",100
"Panicum latzii","C4","Paniceae","endemic","Neo",80
"Panicum mindanaense","C4","Paniceae","native","Neo",80
"Panicum mitchellii","C4","Paniceae","endemic","Neo",200
"Panicum obseptum","C4","Paniceae","endemic","Neo",30
"Panicum paludosum","C4","Paniceae","native","Neo",130
"Panicum pygmaeum","C3","C3","endemic","C3",30
"Panicum queenslandicum","C4","Paniceae","native","Neo",80
"Panicum seminudum","C4","Paniceae","endemic","Neo",90
"Panicum trachyrhachis","C4","Paniceae","native","Neo",180
"Paractaenum novae-hollandiae","C4","Paniceae","endemic","Neo",60
"Paraneurachne muelleri","C4","Paniceae","endemic","Neo",45
"Paspalidium albovillosum","C4","Paniceae","native","Neo",70
"Paspalidium basicladum","C4","Paniceae","native","Neo",70
"Paspalidium breviflorum","C4","Paniceae","endemic","Neo",NA
"Paspalidium caespitosum","C4","Paniceae","endemic","Neo",70
"Paspalidium clementii","C4","Paniceae","endemic","Neo",40
"Paspalidium constrictum","C4","Paniceae","endemic","Neo",60
"Paspalidium criniforme","C4","Paniceae","endemic","Neo",60
"Paspalidium flavidum","C4","Paniceae","native","Neo",100
"Paspalidium gausum","C4","Paniceae","endemic","Neo",80
"Paspalidium globoideum","C4","Paniceae","endemic","Neo",80
"Paspalidium gracile","C4","Paniceae","endemic","Neo",90
"Paspalidium grandispiculatum","C4","Paniceae","endemic","Neo",150
"Paspalidium johnsonii","C4","Paniceae","endemic","Neo",20
"Paspalidium jubiflorum","C4","Paniceae","endemic","Neo",120
"Paspalidium rarum","C4","Paniceae","endemic","Neo",45
"Paspalidium reflexum","C4","Paniceae","endemic","Neo",55
"Paspalidium retiglume","C4","Paniceae","endemic","Neo",50
"Paspalidium spartellum","C4","Paniceae","endemic","Neo",115
"Paspalidium tabulatum","C4","Paniceae","endemic","Neo",60
"Paspalidium udum","C4","Paniceae","endemic","Neo",90
"Paspalum batianoffii","C4","Andropogoneae","endemic","Neo",40
"Paspalum longifolium","C4","Andropogoneae","native","Neo",130
"Paspalum scrobiculatum","C4","Andropogoneae","native","Neo",150
"Pentapogon quadrifidus","C3","C3","endemic","C3",70
"Perotis clarksonii","C4","Chloridoideae","endemic","Neo",40
"Perotis rara","C4","Chloridoideae","native","Neo",40
"Pheidochloa gracilis","C4","Micrairoideae","endemic","Paleo",50
"Phragmites australis","C3","C3","native","C3",600
"Phragmites vallatoria","C3","C3","native","C3",1000
"Plinthanthesis paradoxa","C3","C3","endemic","C3",100
"Plinthanthesis rodwayi","C3","C3","endemic","C3",60
"Plinthanthesis urvillei","C3","C3","endemic","C3",80
"Poa affinis","C3","C3","endemic","C3",120
"Poa amplexicaulis","C3","C3","endemic","C3",40
"Poa cheelii","C3","C3","endemic","C3",100
"Poa clelandii","C3","C3","endemic","C3",75
"Poa clivicola","C3","C3","endemic","C3",60
"Poa costiniana","C3","C3","endemic","C3",80
"Poa crassicaudex","C3","C3","endemic","C3",90
"Poa drummondiana","C3","C3","endemic","C3",90
"Poa ensiformis","C3","C3","endemic","C3",110
"Poa fawcettiae","C3","C3","endemic","C3",60
"Poa fax","C3","C3","endemic","C3",45
"Poa fordeana","C3","C3","endemic","C3",100
"Poa gunnii","C3","C3","endemic","C3",70
"Poa halmaturina","C3","C3","endemic","C3",12
"Poa helmsii","C3","C3","endemic","C3",150
"Poa hiemata","C3","C3","endemic","C3",60
"Poa homomalla","C3","C3","endemic","C3",75
"Poa hookeri","C3","C3","endemic","C3",50
"Poa hothamensis","C3","C3","endemic","C3",90
"Poa induta","C3","C3","endemic","C3",90
"Poa jugicola","C3","C3","endemic","C3",100
"Poa labillardierei","C3","C3","endemic","C3",120
"Poa lowanensis","C3","C3","endemic","C3",90
"Poa meionectes","C3","C3","endemic","C3",100
"Poa mollis","C3","C3","endemic","C3",80
"Poa morrisii","C3","C3","endemic","C3",90
"Poa orba","C3","C3","endemic","C3",15
"Poa orthoclada","C3","C3","endemic","C3",60
"Poa petrophila","C3","C3","endemic","C3",70
"Poa phillipsiana","C3","C3","endemic","C3",100
"Poa poiformis","C3","C3","endemic","C3",90
"Poa porphyroclados","C3","C3","endemic","C3",120
"Poa rodwayi","C3","C3","endemic","C3",75
"Poa sallacustris","C3","C3","endemic","C3",30
"Poa sieberiana","C3","C3","endemic","C3",80
"Poa tenera","C3","C3","endemic","C3",30
"Poa umbricola","C3","C3","endemic","C3",50
"Pogonatherum crinitum","C4","Andropogoneae","native","Neo",50
"Polypogon tenellus","C3","C3","endemic","C3",50
"Potamophila parviflora","C3","C3","endemic","C3",150
"Psammagrostis wiseana","C4","Chloridoideae","endemic","Neo",35
"Pseudopogonatherum contortum","C4","Andropogoneae","native","Neo",110
"Pseudopogonatherum irritans","C4","Andropogoneae","native","Neo",150
"Pseudoraphis minuta","C4","Paniceae","native","Neo",35
"Pseudoraphis paradoxa","C4","Paniceae","endemic","Neo",50
"Pseudoraphis spinescens","C4","Paniceae","native","Neo",50
"Puccinellia decumbens","C3","C3","endemic","C3",13
"Puccinellia longior","C3","C3","endemic","C3",75
"Puccinellia perlaxa","C3","C3","endemic","C3",50
"Puccinellia stricta","C3","C3","endemic","C3",80
"Rytidosperma acerosum","C3","C3","endemic","C3",70
"Rytidosperma alpicola","C3","C3","endemic","C3",35
"Rytidosperma auriculatum","C3","C3","endemic","C3",70
"Rytidosperma australe","C3","C3","endemic","C3",45
"Rytidosperma bipartitum","C3","C3","endemic","C3",70
"Rytidosperma caespitosum","C3","C3","endemic","C3",90
"Rytidosperma carphoides","C3","C3","endemic","C3",50
"Rytidosperma clelandii","C3","C3","endemic","C3",75
"Rytidosperma diemenicum","C3","C3","endemic","C3",53
"Rytidosperma dimidiatum","C3","C3","endemic","C3",40
"Rytidosperma duttonianum","C3","C3","endemic","C3",110
"Rytidosperma erianthum","C3","C3","endemic","C3",70
"Rytidosperma fortunae-hibernae","C3","C3","endemic","C3",38
"Rytidosperma fulvum","C3","C3","endemic","C3",115
"Rytidosperma geniculatum","C3","C3","endemic","C3",45
"Rytidosperma gracile","C3","C3","endemic","C3",60
"Rytidosperma indutum","C3","C3","endemic","C3",120
"Rytidosperma laeve","C3","C3","endemic","C3",60
"Rytidosperma lepidopodum","C3","C3","endemic","C3",70
"Rytidosperma longifolium","C3","C3","endemic","C3",75
"Rytidosperma monticola","C3","C3","endemic","C3",45
"Rytidosperma nitens","C3","C3","endemic","C3",25
"Rytidosperma nivicola","C3","C3","endemic","C3",20
"Rytidosperma nudiflorum","C3","C3","endemic","C3",30
"Rytidosperma occidentale","C3","C3","endemic","C3",70
"Rytidosperma oreophilum","C3","C3","endemic","C3",45
"Rytidosperma pallidum","C3","C3","endemic","C3",160
"Rytidosperma pauciflorum","C3","C3","endemic","C3",15
"Rytidosperma penicillatum","C3","C3","endemic","C3",75
"Rytidosperma pilosum","C3","C3","native","C3",70
"Rytidosperma pumilum","C3","C3","endemic","C3",20
"Rytidosperma racemosum","C3","C3","endemic","C3",60
"Rytidosperma remotum","C3","C3","endemic","C3",20
"Rytidosperma richardsonii","C3","C3","endemic","C3",70
"Rytidosperma semiannulare","C3","C3","native","C3",45
"Rytidosperma setaceum","C3","C3","endemic","C3",60
"Rytidosperma tenuius","C3","C3","endemic","C3",90
"Rytidosperma vickeryae","C3","C3","endemic","C3",25
"Sacciolepis indica","C3","C3","native","C3",100
"Sacciolepis myosuroides","C3","C3","native","C3",90
"Saxipoa saxicola","C3","C3","endemic","C3",105
"Schizachyrium crinizonatum","C4","Andropogoneae","native","Neo",40
"Schizachyrium dolosum","C4","Andropogoneae","endemic","Neo",100
"Schizachyrium fragile","C4","Andropogoneae","native","Neo",75
"Schizachyrium occultum","C4","Andropogoneae","endemic","Neo",30
"Schizachyrium pachyarthron","C4","Andropogoneae","endemic","Neo",100
"Schizachyrium perplexum","C4","Andropogoneae","endemic","Neo",20
"Schizachyrium pseudeulalia","C4","Andropogoneae","native","Neo",90
"Scrotochloa tararaensis","C3","C3","endemic","C3",45
"Scrotochloa urceolata","C3","C3","native","C3",50
"Sehima nervosum","C4","Andropogoneae","native","Neo",100
"Setaria apiculata","C4","Paniceae","endemic","Neo",80
"Setaria australiensis","C4","Paniceae","endemic","Neo",210
"Setaria dielsii","C4","Paniceae","endemic","Neo",80
"Setaria oplismenoides","C4","Paniceae","endemic","Neo",120
"Setaria paspalidioides","C4","Paniceae","endemic","Neo",100
"Setaria queenslandica","C4","Paniceae","endemic","Neo",45
"Setaria surgens","C4","Paniceae","endemic","Neo",60
"Sorghum amplum","C4","Andropogoneae","endemic","Neo",400
"Sorghum angustum","C4","Andropogoneae","endemic","Neo",100
"Sorghum brachypodum","C4","Andropogoneae","endemic","Neo",250
"Sorghum bulbosum","C4","Andropogoneae","endemic","Neo",200
"Sorghum ecarinatum","C4","Andropogoneae","endemic","Neo",220
"Sorghum exstans","C4","Andropogoneae","endemic","Neo",300
"Sorghum grande","C4","Andropogoneae","endemic","Neo",300
"Sorghum interjectum","C4","Andropogoneae","endemic","Neo",250
"Sorghum intrans","C4","Andropogoneae","endemic","Neo",360
"Sorghum laxiflorum","C4","Andropogoneae","native","Neo",200
"Sorghum leiocladum","C4","Andropogoneae","endemic","Neo",150
"Sorghum macrospermum","C4","Andropogoneae","endemic","Neo",380
"Sorghum matarankense","C4","Andropogoneae","endemic","Neo",200
"Sorghum nitidum","C4","Andropogoneae","native","Neo",200
"Sorghum plumosum","C4","Andropogoneae","native","Neo",300
"Sorghum stipoideum","C4","Andropogoneae","endemic","Neo",300
"Sorghum timorense","C4","Andropogoneae","native","Neo",300
"Spartochloa scirpoidea","C3","C3","endemic","C3",70
"Spathia neurosa","C4","Andropogoneae","endemic","Neo",80
"Spinifex hirsutus","C4","Paniceae","endemic","Neo",90
"Spinifex longifolius","C4","Paniceae","native","Neo",80
"Spinifex sericeus","C4","Paniceae","endemic","Neo",90
"Sporobolus actinocladus","C4","Chloridoideae","endemic","Neo",80
"Sporobolus australasicus","C4","Chloridoideae","endemic","Neo",40
"Sporobolus blakei","C4","Chloridoideae","endemic","Neo",80
"Sporobolus caroli","C4","Chloridoideae","endemic","Neo",75
"Sporobolus contiguus","C4","Chloridoideae","endemic","Neo",70
"Sporobolus creber","C4","Chloridoideae","endemic","Neo",140
"Sporobolus disjunctus","C4","Chloridoideae","endemic","Neo",80
"Sporobolus elongatus","C4","Chloridoideae","native","Neo",100
"Sporobolus latzii","C4","Chloridoideae","endemic","Neo",95
"Sporobolus laxus","C4","Chloridoideae","endemic","Neo",150
"Sporobolus lenticularis","C4","Chloridoideae","endemic","Neo",60
"Sporobolus mitchellii","C4","Chloridoideae","endemic","Neo",70
"Sporobolus pamelae","C4","Chloridoideae","endemic","Neo",120
"Sporobolus partimpatens","C4","Chloridoideae","endemic","Neo",60
"Sporobolus pulchellus","C4","Chloridoideae","native","Neo",40
"Sporobolus scabridus","C4","Chloridoideae","endemic","Neo",60
"Sporobolus sessilis","C4","Chloridoideae","endemic","Neo",100
"Sporobolus virginicus","C4","Chloridoideae","native","Neo",50
"Stenotaphrum micranthum","C4","Paniceae","native","Neo",30
"Sylvipoa queenslandica","C3","C3","endemic","C3",150
"Symplectrodia gracilis","C4","Chloridoideae","endemic","Neo",100
"Symplectrodia lanosa","C4","Chloridoideae","endemic","Neo",300
"Tetrarrhena acuminata","C3","C3","endemic","C3",60
"Tetrarrhena distichophylla","C3","C3","endemic","C3",40
"Tetrarrhena juncea","C3","C3","endemic","C3",400
"Tetrarrhena laevis","C3","C3","endemic","C3",70
"Tetrarrhena oreophila","C3","C3","endemic","C3",30
"Tetrarrhena turfosa","C3","C3","endemic","C3",130
"Thaumastochloa brassii","C4","Andropogoneae","endemic","Neo",35
"Thaumastochloa major","C4","Andropogoneae","native","Neo",35
"Thaumastochloa monilifera","C4","Andropogoneae","endemic","Neo",70
"Thaumastochloa pubescens","C4","Andropogoneae","endemic","Neo",30
"Thaumastochloa rariflora","C4","Andropogoneae","endemic","Neo",60
"Thaumastochloa rubra","C4","Andropogoneae","endemic","Neo",45
"Thaumastochloa striata","C4","Andropogoneae","endemic","Neo",25
"Thedachloa annua","C4","Paniceae","endemic","Neo",30
"Thelepogon australiensis","C4","Andropogoneae","endemic","Neo",140
"Thellungia advena","C4","Chloridoideae","endemic","Neo",150
"Themeda arguens","C4","Andropogoneae","native","Neo",300
"Themeda avenacea","C4","Andropogoneae","endemic","Neo",200
"Themeda triandra","C4","Andropogoneae","native","Neo",200
"Thuarea involuta","C4","Paniceae","native","Neo",25
"Thyridolepis mitchelliana","C3","C3","endemic","C3",60
"Thyridolepis multiculmis","C3","C3","endemic","C3",70
"Thyridolepis xerophila","C3","C3","endemic","C3",70
"Tripogon loliiformis","C4","Chloridoideae","endemic","Neo",55
"Triraphis mollis","C4","Chloridoideae","endemic","Neo",120
"Trisetum spicatum","C3","C3","native","C3",65
"Uranthoecium truncatum","C4","Paniceae","endemic","Neo",45
"Urochloa argentea","C4","Paniceae","endemic","Neo",40
"Urochloa atrisola","C4","Paniceae","endemic","Neo",60
"Urochloa foliosa","C4","Paniceae","endemic","Neo",90
"Urochloa gilesii","C4","Paniceae","endemic","Neo",40
"Urochloa holosericea","C4","Paniceae","endemic","Neo",70
"Urochloa kurzii","C4","Paniceae","native","Neo",60
"Urochloa occidentalis","C4","Paniceae","endemic","Neo",30
"Urochloa piligera","C4","Paniceae","endemic","Neo",60
"Urochloa polyphylla","C4","Paniceae","endemic","Neo",60
"Urochloa praetervisa","C4","Paniceae","endemic","Neo",60
"Urochloa pubigera","C4","Paniceae","endemic","Neo",60
"Urochloa whiteana","C4","Paniceae","endemic","Neo",50
"Walwhalleya jacobsiana","C3","C3","endemic","C3",20
"Walwhalleya proluta","C3","C3","endemic","C3",100
"Walwhalleya pungens","C3","C3","endemic","C3",40
"Walwhalleya subxerophila","C3","C3","endemic","C3",70
"Whiteochloa airoides","C4","Paniceae","endemic","Neo",100
"Whiteochloa biciliata","C4","Paniceae","endemic","Neo",110
"Whiteochloa capillipes","C4","Paniceae","endemic","Neo",105
"Whiteochloa cymbiformis","C4","Paniceae","endemic","Neo",200
"Whiteochloa multiciliata","C4","Paniceae","endemic","Neo",100
"Whiteochloa semitonsa","C4","Paniceae","endemic","Neo",60
"Xerochloa barbata","C4","Paniceae","endemic","Neo",50
"Xerochloa imberbis","C4","Paniceae","native","Neo",75
"Xerochloa laniflora","C4","Paniceae","endemic","Neo",40
"Yakirra australiensis","C4","Paniceae","endemic","Neo",30
"Yakirra majuscula","C4","Paniceae","endemic","Neo",75
"Yakirra muelleri","C4","Paniceae","endemic","Neo",30
"Yakirra nulla","C4","Paniceae","endemic","Neo",100
"Yakirra pauciflora","C4","Paniceae","endemic","Neo",75
"Yakirra websteri","C4","Paniceae","endemic","Neo",80
"Zoysia macrantha","C4","Chloridoideae","endemic","Neo",30
"Zygochloa paradoxa","C4","Chloridoideae","endemic","Neo",150
